Measure,F,df_between,df_error,p,eta_squared
Sentiment,76.29232632018055,3,356,3.956722604941069e-38,0.39132499173981455
Word_Count,194.45799194265692,3,356,1.171421708213942e-74,0.6210242042460042
Char_Count,138.5972706079585,3,356,1.691886108247525e-59,0.5387357127322828
Negation_Count,369.9753849884805,3,356,5.113342152957418e-109,0.757150113739261
Question_Mark,,3,356,,
Exclamation_Mark,54.035714285714214,3,356,8.323847604901076e-29,0.3128834355828218
Subordinator_Count,133.50000000000003,3,356,5.910974963195404e-58,0.5294117647058824
Complexity_Index,355.36922845146665,3,356,1.1285861183435309e-106,0.7496673397758328
