group,n,slope,intercept,r_value,r_squared,p_value,std_err
all_dark_patterns,360,-0.052616335280021756,0.2423570498235451,-0.43264215429325975,0.1871792336715128,7.456649494835223e-18,0.005794922681773575
confirmshaming,90,0.16544945302121217,-1.3310816319679224,0.8265796900490802,0.6832339840016334,1.1001908560588866e-23,0.012009047451862964
fake_urgency,90,0.001748716973959322,-0.11104352784641702,0.027321519523780313,0.0007464654290883088,0.7982448465659506,0.006820421055836175
trick_question,90,-0.029860084766768706,0.14146042366559758,-0.5124350106506015,0.2625896401404821,2.428762243796219e-07,0.005334153676660947
visual_interference,90,-0.25543388086942115,1.014932802389249,-0.7446547094671279,0.5545106363315726,3.9953709868895575e-17,0.024406240973391932
